category,type,value,name,index
property,property-type,flat,Lakás,00
property,property-type,house,Ház,01
property,property-type,plot,Telek,02
property,property-type,business,Üzlethelyiség,03
property,county,budapest,Budapest,00
property,county,bacskiskun,Bács-Kiskun megye,01
property,county,baranya,Baranya megye,02
property,county,bekes,Békés megye,03
property,county,baz,Borsod-Abaúj-Zemplén megye,04
property,county,csongrad,Csongrád megye,05
property,county,fejer,Fejér megye,06
property,county,gyor,Győr-Moson-Sopron megye,07
property,county,hajdubihar,Hajdú-Bihar megye,08
property,county,heves,Heves megye,09
property,county,jasznagykun,Jász-Nagykun-Szolnok megye,10
property,county,komarom,Komárom-Esztergom megye,11
property,county,nograd,Nógrád megye,12
property,county,pest,Pest megye,13
property,county,somogy,Somogy megye,14
property,county,szabolcs,Szabolcs-Szatmár-Bereg megye,15
property,county,tolna,Tolna megye,16
property,county,vas,Vas megye,17
property,county,veszprem,Veszprém megye,18
property,county,zala,Zala megye,19
property,building-material,brick,Tégla,00
property,building-material,panel,Panel,01
property,building-material,lightweight,Könnyűszerkezetes,02
property,building-material,stone,Kő,03
property,building-material,wood,Fa,04
property,building-material,sliding,Csúsztatott zsalu,05
property,property-lay,north,Észak,01
property,property-lay,south,Dél,02
property,property-lay,east,Kelet,03
property,property-lay,west,Nyugat,04
property,property-lay,northsouth,Észak-dél,05
property,property-lay,northeast,Észak-kelet,06
property,property-lay,northwest,Észak-nyugat,07
property,property-lay,southeast,Dél-kelet,08
property,property-lay,southwest,Dél-nyugat,09
property,property-lay,eastwest,Kelet-nyugat,10
property,property-view,panoramic,Panorámás,00
property,property-view,garden,Kertre néző,01
property,property-view,court,Udvari,02
property,property-view,street,Utcai,03
property,property-state,excellent,Kitűnő,00
property,property-state,good,Jó,01
property,property-state,average,Átlagos,02
property,property-state,like-new,Újszerű,03
property,property-state,refurbished,Felújított,04
property,property-state,to-refurbish,Felújítandó,05
property,property-state,to-be-built,Épülő,06
property,property-story,0,Földszint,00
property,property-story,1,1.emelet,01
property,property-story,2,2.emelet,02
property,property-story,3,3.emelet,03
property,property-story,4,4.emelet,04
property,property-story,5,5.emelet,05
property,property-story,6,6.emelet,06
property,property-story,7,7.emelet,07
property,property-story,8,8.emelet,08
property,property-story,9,9.emelet,09
property,property-story,10,10.emelet,10 
property,property-story,11,11.emelet,11
property,property-story,12,12.emelet,12
property,property-story,13,13.emelet,13
property,property-story,14,14.emelet,14
property,property-story,15,15.emelet,15
property,property-story,16,15. emelet felett,16
property,property-heating,gas-zirco,Gáz (cirkó),00
property,property-heating,gas-convector,Gáz (konvektor),01
property,property-heating,district,Távfűtés,02
property,property-heating,district-unique,Távfűtés egyedi méréssel,03
property,property-heating,house-central,Házközponti,04
property,property-heating,house-central-unique,Házközponti egyedi méréssel,05
property,property-heating,floorheating,Padlófűtés,06
property,property-heating,wallheating,Falfűtés,07
property,property-heating,ceilingheating,Mennyezeti hűtés-fűtés,08
property,property-heating,heatpump,Hőszivattyú,09
property,property-heating,electric,Elektromos,10
property,property-heating,gasboiler,Gázkazán,11
property,property-heating,tiledboiler,Cserépkályha,12
property,property-heating,generalboiler,Vegyes tüzelésű kazán,13
property,property-comfort,full,Összkomfort,00
property,property-comfort,double,Dupla komfort,01
property,property-comfort,luxury,Luxus komfort,02
property,property-comfort,half,Fél komfort,03
property,property-comfort,no-comfort,Komfort nélküli,04
property,property-building-year,2023,2023 (várható),00
property,property-building-year,2022,2022,01
property,property-building-year,2021,2021,02
property,property-building-year,2020,2020,03
property,property-building-year,2019,2019,04
property,property-building-year,2018,2018,05
property,property-building-year,2017,2017,06
property,property-building-year,2016,2016,07
property,property-building-year,2015,2015,08
property,property-building-year,2014,2014,09
property,property-building-year,2013,2013,10
property,property-building-year,2012,2012,11
property,property-building-year,2011,2011,12
property,property-building-year,2010,2010,13
property,property-building-year,2000-2009,2000-2009,14
property,property-building-year,1980-1999,1980-1999,15
property,property-building-year,before1980,1980 előtti,16
property,smoking-allowed,yes,Megengedett,00
property,smoking-allowed,no,Nem megengedett,01
property,pet-allowed,yes,Megengedett,00
property,pet-allowed,no,Nem megengedett,01
property,plot-skirt,inskirts,Belterület,00
property,plot-skirt,outskirts,Külterület,01
property,plot-type,building,Építési telek,00
property,plot-type,closedcourt,Zárt kert,01
property,plot-type,industrial,Ipari telek,02
property,plot-type,resort,Üdülő,03
property,plot-type,holiday,Nyaraló,04
property,plot-type,pasture,Legelő,05
property,plot-type,field,Szántóföld,06
property,plot-type,vineyard,Szőlőskert,07
property,plot-type,orchard,Gyümölcsös,08
property,plot-type,forest,Erdő,09
property,house-type,family,Családi ház,00
property,house-type,twin,Ikerház,01
property,house-type,row,Sorház,02
property,sale-type,sale,Eladó,00
property,sale-type,rent,Kiadó,01
property,extras,property-water,Víz,00
property,extras,property-gas,Gáz,01
property,extras,property-electricity,Villany,02
property,extras,property-drainage,Csatorna,03
property,extras,property-fence,Kerítés,04
property,extras,property-balcony,Erkély,05
property,extras,property-terrace,Terasz,06
property,extras,property-elevator,Lift,07
property,extras,property-ac,Klíma,08
property,extras,property-parking-spot,Kocsibeálló,09
property,extras,property-garage,Garázs,10
property,extras,property-container,Tároló,11
property,extras,property-cellar,Pince,12
property,extras,property-pool,Medence,13
property,extras,property-alarm,Riasztó,14
property,extras,property-furnished,Bútorozott,15
property,extras,property-appliances,Gépesített,16
property,extras,property-notary-document,Közjegyzői okiratba foglalás,17
admin,property-status,deleted,Törölve,00
admin,property-status,active,Aktív,01
admin,property-status,passive,Passzív,02
admin,user-type,realtor-inactive,Ingatlan közvetítő - inaktív,00
admin,user-type,realtor,Ingatlan közvetítő,01
admin,user-type,owner,Ingatlan tulajdonos,02
admin,user-type,su,Superuser,03
admin,user-type,admin,Admin,04